onset	duration	trial_type	value	sample
53.77734375	0.223	clinical_marker_other	1	13767
54.0	0.027	clinical_marker_other	1	13824
108.02734375	0.125	clinical_marker_other	1	27655
185.15234375	0.125	clinical_marker_other	1	47399
198.52734375	0.125	clinical_marker_other	1	50823
202.65234375	0.125	clinical_marker_other	1	51879
220.90234375	0.098	clinical_marker_other	1	56551
221.0	0.027	clinical_marker_other	1	56576
227.27734375	0.125	clinical_marker_other	1	58183
286.15234375	0.125	clinical_marker_other	1	73255
298.65234375	0.125	clinical_marker_other	1	76455
